strategy,faithfulness,answer_relevancy,context_precision,context_recall,ragas_score
hybrid,1.0,1.0000000000000004,0.99999999998,1.0,0.9999999999950001
vector,1.0,1.0,0.99999999998,1.0,0.999999999995
keyword,0.14285714285714285,0.8645157261362535,0.0,1.0,0.5018432172483491
