strategy,faithfulness,answer_relevancy,context_precision,context_recall,ragas_score
hybrid,1.0,0.9477344980771636,0.999999999975,1.0,0.9869336245130409
vector,1.0,0.9476966017274634,0.999999999975,1.0,0.9869241504256159
keyword,1.0,0.9476966017274634,,1.0,
