strategy,faithfulness,answer_relevancy,context_precision,context_recall,ragas_score
hybrid,0.5,0.9090452024820953,0.7555555555303703,1.0,0.7911501895031164
vector,0.5,0.8856539801457561,0.5888888888692593,1.0,0.7436357172537539
keyword,0.25,1.0,0.999999999975,1.0,0.81249999999375
